{"id": "bkwf-xfky", "name": "Drinking Water Quality Distribution Monitoring Data", "attribution": "Department of Environmental Protection (DEP)", "averageRating": 0, "category": "Environment", "createdAt": 1424807820, "description": "The data tables summarize the turbidity values, coliform, fluoride and chlorine found at sides in distribution each month.", "displayType": "table", "downloadCount": 2147, "hideFromCatalog": false, "hideFromDataJson": false, "indexUpdatedAt": 1549645190, "newBackend": true, "numberOfComments": 0, "oid": 29881136, "provenance": "official", "publicationAppendEnabled": false, "publicationDate": 1539272042, "publicationGroup": 2310862, "publicationStage": "published", "rowsUpdatedAt": 1573147061, "rowsUpdatedBy": "d5dp-fses", "tableId": 15581279, "totalTimesRated": 0, "viewCount": 4955, "viewLastModified": 1573147061, "viewType": "tabular", "approvals": [{"reviewedAt": 1539272042, "reviewedAutomatically": true, "state": "approved", "submissionId": 1077212, "submissionObject": "public_audience_request", "submissionOutcome": "change_audience", "submittedAt": 1539272042, "workflowId": 2285, "submissionDetails": {"permissionType": "READ"}, "submissionOutcomeApplication": {"failureCount": 0, "status": "success"}, "submitter": {"id": "5fuc-pqz2", "displayName": "NYC OpenData"}}], "columns": [{"id": 378329077, "name": "Sample Number", "dataTypeName": "number", "description": "", "fieldName": "sample_number", "position": 1, "renderTypeName": "number", "tableColumnId": 31492581, "width": 100, "cachedContents": {"largest": "70207", "non_null": 51871, "average": "27916.82146093193", "null": "8864", "top": [{"item": "31025", "count": "4"}, {"item": "25003", "count": "4"}, {"item": "30932", "count": "4"}, {"item": "30934", "count": "4"}, {"item": "21842", "count": "4"}, {"item": "27609", "count": "4"}, {"item": "25818", "count": "4"}, {"item": "18716", "count": "4"}, {"item": "31994", "count": "4"}, {"item": "19015", "count": "4"}, {"item": "30379", "count": "4"}, {"item": "30371", "count": "4"}, {"item": "22871", "count": "4"}, {"item": "28356", "count": "4"}, {"item": "27068", "count": "4"}, {"item": "24642", "count": "4"}, {"item": "23620", "count": "4"}, {"item": "24992", "count": "4"}, {"item": "18717", "count": "4"}, {"item": "22761", "count": "4"}], "smallest": "1", "not_null": "63845", "sum": "1448073446", "cardinality": "41994"}, "format": {"precisionStyle": "standard", "noCommas": "true", "align": "right"}}, {"id": 378329078, "name": "Sample Date", "dataTypeName": "calendar_date", "description": "", "fieldName": "sample_date", "position": 2, "renderTypeName": "calendar_date", "tableColumnId": 25635984, "width": 165, "cachedContents": {"largest": "2019-10-31T00:00:00.000", "non_null": 60735, "null": "0", "top": [{"item": "2015-08-05T00:00:00.000", "count": "63"}, {"item": "2016-09-08T00:00:00.000", "count": "60"}, {"item": "2015-07-31T00:00:00.000", "count": "60"}, {"item": "2016-01-26T00:00:00.000", "count": "57"}, {"item": "2016-07-29T00:00:00.000", "count": "57"}, {"item": "2018-09-12T00:00:00.000", "count": "57"}, {"item": "2016-01-27T00:00:00.000", "count": "55"}, {"item": "2016-07-25T00:00:00.000", "count": "55"}, {"item": "2015-07-29T00:00:00.000", "count": "55"}, {"item": "2016-07-28T00:00:00.000", "count": "55"}, {"item": "2017-04-12T00:00:00.000", "count": "54"}, {"item": "2017-05-25T00:00:00.000", "count": "54"}, {"item": "2015-08-07T00:00:00.000", "count": "53"}, {"item": "2015-08-26T00:00:00.000", "count": "52"}, {"item": "2017-03-22T00:00:00.000", "count": "52"}, {"item": "2015-06-10T00:00:00.000", "count": "52"}, {"item": "2018-10-10T00:00:00.000", "count": "52"}, {"item": "2018-10-22T00:00:00.000", "count": "52"}, {"item": "2015-08-12T00:00:00.000", "count": "52"}, {"item": "2015-08-10T00:00:00.000", "count": "52"}], "smallest": "2015-01-01T00:00:00.000", "not_null": "72709", "cardinality": "1673"}, "format": {"view": "date", "align": "left"}}, {"id": 378329079, "name": "Sample Time", "dataTypeName": "text", "description": "", "fieldName": "sample_time", "position": 3, "renderTypeName": "text", "tableColumnId": 25635985, "width": 138, "cachedContents": {"largest": "9:59", "non_null": 60735, "null": "0", "top": [{"item": "10:50", "count": "336"}, {"item": "11:04", "count": "326"}, {"item": "11:00", "count": "321"}, {"item": "10:52", "count": "318"}, {"item": "10:28", "count": "315"}, {"item": "10:39", "count": "314"}, {"item": "11:17", "count": "312"}, {"item": "10:02", "count": "312"}, {"item": "11:21", "count": "309"}, {"item": "11:03", "count": "309"}, {"item": "10:10", "count": "309"}, {"item": "10:33", "count": "308"}, {"item": "10:00", "count": "306"}, {"item": "10:31", "count": "306"}, {"item": "10:27", "count": "304"}, {"item": "10:40", "count": "303"}, {"item": "10:23", "count": "303"}, {"item": "10:12", "count": "303"}, {"item": "10:35", "count": "302"}, {"item": "10:59", "count": "300"}], "smallest": ":", "not_null": "72709", "cardinality": "645"}, "format": {}}, {"id": 378329080, "name": "Sample Site", "dataTypeName": "text", "description": "", "fieldName": "sample_site", "position": 4, "renderTypeName": "text", "tableColumnId": 25635986, "width": 141, "cachedContents": {"largest": "79550", "non_null": 60735, "null": "0", "top": [{"item": "1S03B", "count": "1673"}, {"item": "1S07", "count": "1670"}, {"item": "1S03A", "count": "1665"}, {"item": "27000", "count": "1663"}, {"item": "20900", "count": "1652"}, {"item": "50300", "count": "1567"}, {"item": "40200", "count": "1563"}, {"item": "3SC26", "count": "1546"}, {"item": "1SCL1", "count": "1541"}, {"item": "1SCH3", "count": "1248"}, {"item": "50200", "count": "1038"}, {"item": "1S03", "count": "1026"}, {"item": "31850", "count": "338"}, {"item": "44350", "count": "317"}, {"item": "31750", "count": "312"}, {"item": "10250", "count": "312"}, {"item": "26850", "count": "311"}, {"item": "11750", "count": "307"}, {"item": "77650", "count": "306"}, {"item": "1SCH4", "count": "288"}], "smallest": "10150", "not_null": "72709", "cardinality": "398"}, "format": {"precisionStyle": "standard", "noCommas": "true", "align": "right"}}, {"id": 378329081, "name": "Sample class", "dataTypeName": "text", "description": "", "fieldName": "sample_class", "position": 5, "renderTypeName": "text", "tableColumnId": 25635987, "width": 177, "cachedContents": {"largest": "Resample_Operational", "non_null": 60735, "null": "0", "top": [{"item": "Compliance", "count": "44289"}, {"item": "Operational", "count": "27733"}, {"item": "Resample_Compliance", "count": "472"}, {"item": "Entry Point", "count": "168"}, {"item": "Re-Sample", "count": "33"}, {"item": "Op-resample", "count": "13"}, {"item": "Resample_Operational", "count": "1"}], "smallest": "Compliance", "not_null": "72709", "cardinality": "7"}, "format": {}}, {"id": 378329082, "name": "Location", "dataTypeName": "text", "description": "", "fieldName": "location", "position": 6, "renderTypeName": "text", "tableColumnId": 25635988, "width": 196, "cachedContents": {"largest": "W/S YORK AVE, 1ST HT S/O PROSPECT AVE", "non_null": 60735, "null": "0", "top": [{"item": "Jerome Park Reservoir (W205th St & Goulden Ave, Bx) - Croton Distribution Chamber - low pressure service tunnel, Tap in Gatehouse #5, treated water", "count": "1541"}, {"item": "SS - Shaft 3B of City Tunnel No. 3 - Mosholu Ave, W/O Jerome Ave", "count": "1400"}, {"item": "SS - Shaft 7 of City Tunnel No. 1 - W/S Sedgwick Ave OPP W 167th St (Tun 1)", "count": "1397"}, {"item": "SS - Shaft 3A of City Tunnel No. 2 - IFO 823 S/S E 233rd St, W/O Bronxwood Ave", "count": "1392"}, {"item": "SS - IFO 177 S/S Sands St, btw Gold & Bridge Sts, 30 inch", "count": "1376"}, {"item": "SS - W/S Clove Rd, 1st S/O Genesee St, 72\"", "count": "1295"}, {"item": "SS - S/S 19th Ave, btw 41st & Steinway Sts, 60 inch", "count": "1291"}, {"item": "Shaft 26 of New Croton Aqueduct, 179th St Pumping Station.", "count": "1273"}, {"item": "Croton High Service CDC /GH5 to Tunnel No. 1 -Shaft 4", "count": "1248"}, {"item": "SS - IFO 383 W/S Hooper St, btw S 1st & S 2nd Sts, 72 inch", "count": "995"}, {"item": "SS - IFO 93 N/S Austin Place, btw Victory Blvd & Ward Ave, 84\"", "count": "844"}, {"item": "Shaft 3 riser feed, Tap in Gatehouse #7 Jerome Park Reservoir (W205th St & Goulden Ave, Bx)", "count": "761"}, {"item": "72\" Hydrant - W/S Hooper St, btw S 1st & S 2nd Sts", "count": "395"}, {"item": "Shaft 26 of New Croton Aqueduct, 179th St Pumping Station, Croton sampling pump tap -  Amsterdam Ave & West 179th St", "count": "273"}, {"item": "SS - Shaft 7 of City Tunnel No.1 - NE/S W 167th St, 1st SE/O Sedgwick Ave IFO 1260 Sedgwick Ave", "count": "273"}, {"item": "SS - N/E/S Clove Rd, N/W of Sunnyside Terrace.", "count": "272"}, {"item": "SS - S/S Sands St. BTW Gold St. and Manhattan Brg. Ent. Ramp, OPP 177 Sands St,48 \"", "count": "272"}, {"item": "SS - Shaft 3B of City Tunnel No.3 - Mosholu Ave W/O Jerome Ave (w/i Van Cortlandt Park ~200' SE/O Shaft 2 building)", "count": "271"}, {"item": "SS - S/S 19th Ave, BTW 41st & Steinway Sts, IFO 40-14 19th Ave 60 \"", "count": "269"}, {"item": "SS - IFO 427 N/S W 26th St, 2nd SS W/O 9th Ave, 12\"", "count": "259"}], "smallest": "16\" Hydrant - N/S Victory Blvd, 1st hydt E/O Royal Oak Rd", "not_null": "72709", "cardinality": "1263"}, "format": {}}, {"id": 378329088, "name": "Residual Free Chlorine (mg/L)", "dataTypeName": "text", "description": "", "fieldName": "residual_free_chlorine_mg_l", "position": 7, "renderTypeName": "text", "tableColumnId": 70360132, "cachedContents": {"largest": "-9.99", "non_null": 60732, "null": "3", "top": [{"item": "0.62", "count": "1487"}, {"item": "0.55", "count": "1465"}, {"item": "0.58", "count": "1446"}, {"item": "0.64", "count": "1445"}, {"item": "0.65", "count": "1442"}, {"item": "0.67", "count": "1432"}, {"item": "0.53", "count": "1429"}, {"item": "0.66", "count": "1415"}, {"item": "0.59", "count": "1415"}, {"item": "0.56", "count": "1407"}, {"item": "0.63", "count": "1401"}, {"item": "0.57", "count": "1400"}, {"item": "0.61", "count": "1385"}, {"item": "0.54", "count": "1361"}, {"item": "0.69", "count": "1357"}, {"item": "0.60", "count": "1356"}, {"item": "0.68", "count": "1315"}, {"item": "0.52", "count": "1309"}, {"item": "0.51", "count": "1285"}, {"item": "0.49", "count": "1279"}], "smallest": "0.00", "not_null": "72706", "cardinality": "150"}, "format": {}}, {"id": 378329089, "name": "Turbidity (NTU)", "dataTypeName": "text", "description": "", "fieldName": "turbidity_ntu", "position": 8, "renderTypeName": "text", "tableColumnId": 70360133, "cachedContents": {"largest": "6.97", "non_null": 60531, "null": "204", "top": [{"item": "0.65", "count": "1719"}, {"item": "0.68", "count": "1702"}, {"item": "0.73", "count": "1695"}, {"item": "0.67", "count": "1684"}, {"item": "0.72", "count": "1681"}, {"item": "0.66", "count": "1660"}, {"item": "0.69", "count": "1656"}, {"item": "0.71", "count": "1638"}, {"item": "0.64", "count": "1618"}, {"item": "0.75", "count": "1585"}, {"item": "0.63", "count": "1578"}, {"item": "0.77", "count": "1571"}, {"item": "0.62", "count": "1552"}, {"item": "0.76", "count": "1547"}, {"item": "0.74", "count": "1539"}, {"item": "0.78", "count": "1506"}, {"item": "0.61", "count": "1449"}, {"item": "0.79", "count": "1433"}, {"item": "0.70", "count": "1375"}, {"item": "0.81", "count": "1362"}], "smallest": "0.07", "not_null": "72505", "cardinality": "264"}, "format": {}}, {"id": 378329085, "name": "Fluoride (mg/L)", "dataTypeName": "text", "description": "", "fieldName": "fluoride_mg_l", "position": 9, "renderTypeName": "text", "tableColumnId": 70359909, "cachedContents": {"largest": "0.89", "non_null": 7817, "null": "63334", "top": [{"item": "0.72", "count": "1168"}, {"item": "0.71", "count": "1125"}, {"item": "0.73", "count": "913"}, {"item": "0.69", "count": "857"}, {"item": "0.70", "count": "757"}, {"item": "0.68", "count": "711"}, {"item": "0.74", "count": "638"}, {"item": "0.67", "count": "504"}, {"item": "0.75", "count": "350"}, {"item": "0.7", "count": "313"}, {"item": "0.66", "count": "263"}, {"item": "0.76", "count": "236"}, {"item": "0.81", "count": "185"}, {"item": "0.77", "count": "183"}, {"item": "0.82", "count": "152"}, {"item": "0.83", "count": "124"}, {"item": "0.65", "count": "119"}, {"item": "0.79", "count": "106"}, {"item": "0.8", "count": "102"}, {"item": "0.78", "count": "77"}], "smallest": "0.03", "not_null": "9375", "cardinality": "129"}, "format": {}}, {"id": 378329086, "name": "Coliform (Quanti-Tray) (MPN /100mL)", "dataTypeName": "text", "description": "", "fieldName": "coliform_quanti_tray_mpn_100ml", "position": 10, "renderTypeName": "text", "tableColumnId": 25635992, "width": 284, "cachedContents": {"largest": "9.9", "non_null": 60735, "null": "0", "top": [{"item": "<1", "count": "72436"}, {"item": "1", "count": "102"}, {"item": ">200.5", "count": "33"}, {"item": "2", "count": "28"}, {"item": "3.1", "count": "20"}, {"item": "4.2", "count": "9"}, {"item": "6.4", "count": "8"}, {"item": "7.5", "count": "5"}, {"item": "5.3", "count": "4"}, {"item": "8.7", "count": "3"}, {"item": "12.4", "count": "3"}, {"item": "9.9", "count": "3"}, {"item": "3", "count": "3"}, {"item": "13.7", "count": "3"}, {"item": "16.4", "count": "3"}, {"item": "34.4", "count": "3"}, {"item": "200.5", "count": "3"}, {"item": "23.8", "count": "2"}, {"item": "10", "count": "2"}, {"item": "15", "count": "2"}], "smallest": "-", "not_null": "72709", "cardinality": "47"}, "format": {}}, {"id": 378329087, "name": "E.coli(Quanti-Tray) (MPN/100mL)", "dataTypeName": "text", "description": "", "fieldName": "e_coli_quanti_tray_mpn_100ml", "position": 11, "renderTypeName": "text", "tableColumnId": 25635993, "width": 289, "cachedContents": {"largest": "<1", "non_null": 60735, "null": "0", "top": [{"item": "<1", "count": "72704"}, {"item": "1", "count": "4"}, {"item": "-", "count": "1"}], "smallest": "-", "not_null": "72709", "cardinality": "3"}, "format": {}}], "grants": [{"inherited": false, "type": "viewer", "flags": ["public"]}], "metadata": {"rdfSubject": "0", "jsonQuery": {"order": [{"columnFieldName": "sample_date", "ascending": false}]}, "attachments": [{"filename": "Data_Dictionary_DWQO_Distribution_Chem-Micro_101817.xls", "assetId": "1f42e31b-fce4-4a66-8c44-c87179ca7a7f", "name": "Data_Dictionary_DWQO_Distribution_Chem-Micro_101817.xls"}], "custom_fields": {"Update": {"Automation": "No", "Date Made Public": "2/24/2015", "Update Frequency": "Monthly"}, "Legislative Compliance": {"Geo-coding Attached?": ""}, "Dataset Information": {"Agency": "Department of Environmental Protection (DEP)"}}, "rowLabel": "", "availableDisplayTypes": ["table", "fatrow", "page"], "renderTypeConfig": {"visible": {"table": true}}}, "owner": {"id": "5fuc-pqz2", "displayName": "NYC OpenData", "profileImageUrlLarge": "/api/users/5fuc-pqz2/profile_images/LARGE", "profileImageUrlMedium": "/api/users/5fuc-pqz2/profile_images/THUMB", "profileImageUrlSmall": "/api/users/5fuc-pqz2/profile_images/TINY", "screenName": "NYC OpenData", "type": "interactive", "userSegment": "site_member", "flags": ["acceptedEula", "mayBeStoriesCoOwner"]}, "query": {"orderBys": [{"ascending": false, "expression": {"columnId": 378329078, "type": "column"}}]}, "rights": ["read"], "tableAuthor": {"id": "5fuc-pqz2", "displayName": "NYC OpenData", "profileImageUrlLarge": "/api/users/5fuc-pqz2/profile_images/LARGE", "profileImageUrlMedium": "/api/users/5fuc-pqz2/profile_images/THUMB", "profileImageUrlSmall": "/api/users/5fuc-pqz2/profile_images/TINY", "screenName": "NYC OpenData", "type": "interactive", "userSegment": "site_member", "flags": ["acceptedEula", "mayBeStoriesCoOwner"]}, "tags": ["coliform", "fluoride", "chlorine", "turbidity", "water"], "flags": ["default", "restorable", "restorePossibleForType"]}